,mean,sd,mc_error,hpd_2.5,hpd_97.5,n_eff,Rhat
v0,477.15802,0.018170314,0.00025531251449137924,477.1234436035156,477.19451904296875,5695.0,1.0005053554343173
A,7.480131,0.22372483,0.003144538030028343,7.057245254516602,7.937907695770264,5167.0,1.0000583757451909
L,0.23200965,0.018719593,0.0002762006828561425,0.19481921195983887,0.26841995120048523,4981.0,1.000238227197629
e,11.605309,0.36997962,0.004395736381411552,10.907511711120605,12.344863891601562,7243.0,0.9997944489560835
